overshoot_perc,steady_state_error,settling_time,rise_time,avg_loop_latency_ms,p95_loop_latency_ms,deadline_miss,miss_rate,jitter
0.235636981493159,0.00321190323039389,3.02095463014568,2.46343499810431,15.5087590666665,23.3278657894735,272,18.1333333333333,-4.49124093333346
