overshoot_perc,steady_state_error,settling_time,rise_time,avg_loop_latency_ms,p95_loop_latency_ms,deadline_miss,miss_rate,jitter
0.16261005049103,0.0031863851195304,3.02360999163784,2.46558068659397,16.2745522666666,28.509834210526,436,29.0666666666667,-3.72544773333336
