overshoot_perc,steady_state_error,settling_time,rise_time,avg_loop_latency_ms,p95_loop_latency_ms,deadline_miss,miss_rate,jitter
0.179182207099671,0.00323808525726932,3.02503390375422,2.46673129145415,15.4961032021347,23.4095559999998,262,0,-4.50089420000007
