overshoot_perc,steady_state_error,settling_time,rise_time,avg_loop_latency_ms,p95_loop_latency_ms,deadline_miss,miss_rate,jitter
0.238668217968052,0.00323966565537148,20.1415274205875,2.46365676287031,14.6916001343183,21.7040092307692,21,0,-5.2694716
