overshoot_perc,steady_state_error,settling_time,rise_time,avg_loop_latency_ms,p95_loop_latency_ms,deadline_miss,miss_rate,jitter
0.236071216269296,0.00323555708778756,8.0069958807882,2.46453637628957,16.2558817444219,28.7812927272725,412,27.4666666666667,-3.69170060000002
